cod_grupo_centro;desc_grupo_centro
2017-30310010101;GESTÃO DA EDUCAÇÃO
2017-30310010102;GESTÃO DA EDUCAÇÃO
2017-30310010103;GESTÃO DA EDUCAÇÃO
2017-30310010104;GESTÃO DA EDUCAÇÃO
2017-30310010105;GESTÃO DA EDUCAÇÃO
2017-30310010106;GESTÃO DA EDUCAÇÃO
2017-30310010108;GESTÃO DA EDUCAÇÃO
2017-30310010109;GESTÃO DA EDUCAÇÃO
2017-30310010110;GESTÃO DA EDUCAÇÃO
2017-30310010111;GESTÃO DA EDUCAÇÃO
2017-30310010112;GESTÃO DA EDUCAÇÃO
2017-30310010113;GESTÃO DA EDUCAÇÃO
2017-30310010114;GESTÃO DA EDUCAÇÃO
2017-30310010116;GESTÃO DA EDUCAÇÃO
2017-30310010117;GESTÃO DA EDUCAÇÃO
2017-30310010119;GESTÃO DA EDUCAÇÃO
2017-30310010120;GESTÃO DA EDUCAÇÃO
2017-30310010121;GESTÃO DA EDUCAÇÃO
2017-30310010122;GESTÃO DA EDUCAÇÃO
2017-30310010123;GESTÃO DA EDUCAÇÃO
2017-30310010124;GESTÃO DA EDUCAÇÃO
2017-30310010125;GESTÃO DA EDUCAÇÃO
2017-30310010126;GESTÃO DA EDUCAÇÃO
2017-30310010133;GESTÃO DA EDUCAÇÃO
2017-30310010134;GESTÃO DA EDUCAÇÃO
2017-30310010137;GESTÃO DA EDUCAÇÃO
2017-30310010138;GESTÃO DA EDUCAÇÃO
2017-30310010139;GESTÃO DA EDUCAÇÃO
2017-30310010140;GESTÃO DA EDUCAÇÃO
2017-30310010190;GESTÃO DA EDUCAÇÃO
2018-30310010101;GESTÃO DA EDUCAÇÃO
2018-30310010102;GESTÃO DA EDUCAÇÃO
2018-30310010103;GESTÃO DA EDUCAÇÃO
2018-30310010104;GESTÃO DA EDUCAÇÃO
2018-30310010105;GESTÃO DA EDUCAÇÃO
2018-30310010106;GESTÃO DA EDUCAÇÃO
2018-30310010107;GESTÃO DA EDUCAÇÃO
2018-30310010108;GESTÃO DA EDUCAÇÃO
2018-30310010109;GESTÃO DA EDUCAÇÃO
2018-30310010110;GESTÃO DA EDUCAÇÃO
2018-30310010111;GESTÃO DA EDUCAÇÃO
2018-30310010112;GESTÃO DA EDUCAÇÃO
2018-30310010113;GESTÃO DA EDUCAÇÃO
2018-30310010114;GESTÃO DA EDUCAÇÃO
2018-30310010115;GESTÃO DA EDUCAÇÃO
2018-30310010116;GESTÃO DA EDUCAÇÃO
2018-30310010117;GESTÃO DA EDUCAÇÃO
2018-30310010118;GESTÃO DA EDUCAÇÃO
2018-30310010119;GESTÃO DA EDUCAÇÃO
2018-30310010120;GESTÃO DA EDUCAÇÃO
2018-30310010121;GESTÃO DA EDUCAÇÃO
2018-30310010122;GESTÃO DA EDUCAÇÃO
2018-30310010123;GESTÃO DA EDUCAÇÃO
2018-30310010124;GESTÃO DA EDUCAÇÃO
2018-30310010125;GESTÃO DA EDUCAÇÃO
2018-30310010126;GESTÃO DA EDUCAÇÃO
2018-30310010127;GESTÃO DA EDUCAÇÃO
2018-30310010128;GESTÃO DA EDUCAÇÃO
2018-30310010129;GESTÃO DA EDUCAÇÃO
2018-30310010130;GESTÃO DA EDUCAÇÃO
2018-30310010131;GESTÃO DA EDUCAÇÃO
2018-30310010132;GESTÃO DA EDUCAÇÃO
2018-30310010138;GESTÃO DA EDUCAÇÃO
2018-30310010139;GESTÃO DA EDUCAÇÃO
2018-30310010140;GESTÃO DA EDUCAÇÃO
2018-30310010141;GESTÃO DA EDUCAÇÃO
2018-30310010142;GESTÃO DA EDUCAÇÃO
2018-30310010190;GESTÃO DA EDUCAÇÃO
2019-30310010102;GESTÃO DA EDUCAÇÃO
2019-30310010104;GESTÃO DA EDUCAÇÃO
2019-30310010105;GESTÃO DA EDUCAÇÃO
2019-30310010106;GESTÃO DA EDUCAÇÃO
2019-30310010107;GESTÃO DA EDUCAÇÃO
2019-30310010108;GESTÃO DA EDUCAÇÃO
2019-30310010109;GESTÃO DA EDUCAÇÃO
2019-30310010111;GESTÃO DA EDUCAÇÃO
2019-30310010112;GESTÃO DA EDUCAÇÃO
2019-30310010113;GESTÃO DA EDUCAÇÃO
2019-30310010114;GESTÃO DA EDUCAÇÃO
2019-30310010116;GESTÃO DA EDUCAÇÃO
2019-30310010118;GESTÃO DA EDUCAÇÃO
2019-30310010119;GESTÃO DA EDUCAÇÃO
2019-30310010120;GESTÃO DA EDUCAÇÃO
2019-30310010121;GESTÃO DA EDUCAÇÃO
2019-30310010123;GESTÃO DA EDUCAÇÃO
2019-30310010124;GESTÃO DA EDUCAÇÃO
2019-30310010125;GESTÃO DA EDUCAÇÃO
2019-30310010126;GESTÃO DA EDUCAÇÃO
2019-30310010127;GESTÃO DA EDUCAÇÃO
2019-30310010128;GESTÃO DA EDUCAÇÃO
2019-30310010129;GESTÃO DA EDUCAÇÃO
2019-30310010130;GESTÃO DA EDUCAÇÃO
2019-30310010131;GESTÃO DA EDUCAÇÃO
2019-30310010132;GESTÃO DA EDUCAÇÃO
2019-30310010133;GESTÃO DA EDUCAÇÃO
2019-30310010134;GESTÃO DA EDUCAÇÃO
2019-30310010138;GESTÃO DA EDUCAÇÃO
2019-30310010141;GESTÃO DA EDUCAÇÃO
2019-30310010142;GESTÃO DA EDUCAÇÃO
2019-30310010143;GESTÃO DA EDUCAÇÃO
2019-30310010190;GESTÃO DA EDUCAÇÃO
2020-30310010102;GESTÃO DA EDUCAÇÃO
2020-30310010104;GESTÃO DA EDUCAÇÃO
2020-30310010105;GESTÃO DA EDUCAÇÃO
2020-30310010106;GESTÃO DA EDUCAÇÃO
2020-30310010107;GESTÃO DA EDUCAÇÃO
2020-30310010108;GESTÃO DA EDUCAÇÃO
2020-30310010109;GESTÃO DA EDUCAÇÃO
2020-30310010111;GESTÃO DA EDUCAÇÃO
2020-30310010112;GESTÃO DA EDUCAÇÃO
2020-30310010113;GESTÃO DA EDUCAÇÃO
2020-30310010116;GESTÃO DA EDUCAÇÃO
2020-30310010118;GESTÃO DA EDUCAÇÃO
2020-30310010119;GESTÃO DA EDUCAÇÃO
2020-30310010120;GESTÃO DA EDUCAÇÃO
2020-30310010121;GESTÃO DA EDUCAÇÃO
2020-30310010127;GESTÃO DA EDUCAÇÃO
2020-30310010128;GESTÃO DA EDUCAÇÃO
2020-30310010129;GESTÃO DA EDUCAÇÃO
2020-30310010130;GESTÃO DA EDUCAÇÃO
2020-30310010131;GESTÃO DA EDUCAÇÃO
2020-30310010132;GESTÃO DA EDUCAÇÃO
2020-30310010133;GESTÃO DA EDUCAÇÃO
2020-30310010134;GESTÃO DA EDUCAÇÃO
2020-30310010135;GESTÃO DA EDUCAÇÃO
2020-30310010141;GESTÃO DA EDUCAÇÃO
2020-30310010150;GESTÃO DA EDUCAÇÃO
2020-30310010151;GESTÃO DA EDUCAÇÃO
2020-30310010152;GESTÃO DA EDUCAÇÃO
2020-30310010190;GESTÃO DA EDUCAÇÃO
2021-30310010102;GESTÃO DA EDUCAÇÃO
2021-30310010104;GESTÃO DA EDUCAÇÃO
2021-30310010105;GESTÃO DA EDUCAÇÃO
2021-30310010106;GESTÃO DA EDUCAÇÃO
2021-30310010107;GESTÃO DA EDUCAÇÃO
2021-30310010108;GESTÃO DA EDUCAÇÃO
2021-30310010109;GESTÃO DA EDUCAÇÃO
2021-30310010111;GESTÃO DA EDUCAÇÃO
2021-30310010113;GESTÃO DA EDUCAÇÃO
2021-30310010116;GESTÃO DA EDUCAÇÃO
2021-30310010119;GESTÃO DA EDUCAÇÃO
2021-30310010120;GESTÃO DA EDUCAÇÃO
2021-30310010121;GESTÃO DA EDUCAÇÃO
2021-30310010127;GESTÃO DA EDUCAÇÃO
2021-30310010128;GESTÃO DA EDUCAÇÃO
2021-30310010129;GESTÃO DA EDUCAÇÃO
2021-30310010130;GESTÃO DA EDUCAÇÃO
2021-30310010131;GESTÃO DA EDUCAÇÃO
2021-30310010132;GESTÃO DA EDUCAÇÃO
2021-30310010134;GESTÃO DA EDUCAÇÃO
2021-30310010135;GESTÃO DA EDUCAÇÃO
2021-30310010141;GESTÃO DA EDUCAÇÃO
2021-30310010150;GESTÃO DA EDUCAÇÃO
2021-30310010151;GESTÃO DA EDUCAÇÃO
2021-30310010152;GESTÃO DA EDUCAÇÃO
2017-30303010101;EDUCAÇÃO PROFISSIONAL E TECNOLÓGICA
2017-30303010201;EDUCAÇÃO PROFISSIONAL E TECNOLÓGICA
2017-30303020101;EDUCAÇÃO PROFISSIONAL E TECNOLÓGICA
2017-30303020201;EDUCAÇÃO PROFISSIONAL E TECNOLÓGICA
2017-30303020301;EDUCAÇÃO PROFISSIONAL E TECNOLÓGICA
2017-30303020401;EDUCAÇÃO PROFISSIONAL E TECNOLÓGICA
2017-30303020501;EDUCAÇÃO PROFISSIONAL E TECNOLÓGICA
2017-30303020502;EDUCAÇÃO PROFISSIONAL E TECNOLÓGICA
2017-30303020601;EDUCAÇÃO PROFISSIONAL E TECNOLÓGICA
2017-30303020701;EDUCAÇÃO PROFISSIONAL E TECNOLÓGICA
2017-30303030101;EDUCAÇÃO PROFISSIONAL E TECNOLÓGICA
2017-30303040101;EDUCAÇÃO PROFISSIONAL E TECNOLÓGICA
2017-30303040201;EDUCAÇÃO PROFISSIONAL E TECNOLÓGICA
2017-30303040299;EDUCAÇÃO PROFISSIONAL E TECNOLÓGICA
2017-30303040301;EDUCAÇÃO PROFISSIONAL E TECNOLÓGICA
2017-30303040401;EDUCAÇÃO PROFISSIONAL E TECNOLÓGICA
2018-30303010101;EDUCAÇÃO PROFISSIONAL E TECNOLÓGICA
2018-30303010201;EDUCAÇÃO PROFISSIONAL E TECNOLÓGICA
2018-30303020101;EDUCAÇÃO PROFISSIONAL E TECNOLÓGICA
2018-30303020102;EDUCAÇÃO PROFISSIONAL E TECNOLÓGICA
2018-30303020190;EDUCAÇÃO PROFISSIONAL E TECNOLÓGICA
2018-30303020201;EDUCAÇÃO PROFISSIONAL E TECNOLÓGICA
2018-30303020301;EDUCAÇÃO PROFISSIONAL E TECNOLÓGICA
2018-30303020401;EDUCAÇÃO PROFISSIONAL E TECNOLÓGICA
2018-30303020501;EDUCAÇÃO PROFISSIONAL E TECNOLÓGICA
2018-30303020502;EDUCAÇÃO PROFISSIONAL E TECNOLÓGICA
2018-30303020503;EDUCAÇÃO PROFISSIONAL E TECNOLÓGICA
2018-30303020504;EDUCAÇÃO PROFISSIONAL E TECNOLÓGICA
2018-30303020601;EDUCAÇÃO PROFISSIONAL E TECNOLÓGICA
2018-30303040101;EDUCAÇÃO PROFISSIONAL E TECNOLÓGICA
2018-30303040190;EDUCAÇÃO PROFISSIONAL E TECNOLÓGICA
2018-30303040201;EDUCAÇÃO PROFISSIONAL E TECNOLÓGICA
2018-30303040401;EDUCAÇÃO PROFISSIONAL E TECNOLÓGICA
2019-30303010101;EDUCAÇÃO PROFISSIONAL E TECNOLÓGICA
2019-30303010102;EDUCAÇÃO PROFISSIONAL E TECNOLÓGICA
2019-30303010201;EDUCAÇÃO PROFISSIONAL E TECNOLÓGICA
2019-30303020101;EDUCAÇÃO PROFISSIONAL E TECNOLÓGICA
2019-30303020102;EDUCAÇÃO PROFISSIONAL E TECNOLÓGICA
2019-30303020201;EDUCAÇÃO PROFISSIONAL E TECNOLÓGICA
2019-30303020202;EDUCAÇÃO PROFISSIONAL E TECNOLÓGICA
2019-30303020301;EDUCAÇÃO PROFISSIONAL E TECNOLÓGICA
2019-30303020401;EDUCAÇÃO PROFISSIONAL E TECNOLÓGICA
2019-30303020501;EDUCAÇÃO PROFISSIONAL E TECNOLÓGICA
2019-30303020502;EDUCAÇÃO PROFISSIONAL E TECNOLÓGICA
2019-30303020503;EDUCAÇÃO PROFISSIONAL E TECNOLÓGICA
2019-30303020601;EDUCAÇÃO PROFISSIONAL E TECNOLÓGICA
2019-30303040101;EDUCAÇÃO PROFISSIONAL E TECNOLÓGICA
2019-30303040201;EDUCAÇÃO PROFISSIONAL E TECNOLÓGICA
2019-30303040401;EDUCAÇÃO PROFISSIONAL E TECNOLÓGICA
2019-30303040501;EDUCAÇÃO PROFISSIONAL E TECNOLÓGICA
2020-30303010101;EDUCAÇÃO PROFISSIONAL E TECNOLÓGICA
2020-30303010102;EDUCAÇÃO PROFISSIONAL E TECNOLÓGICA
2020-30303010201;EDUCAÇÃO PROFISSIONAL E TECNOLÓGICA
2020-30303020101;EDUCAÇÃO PROFISSIONAL E TECNOLÓGICA
2020-30303020102;EDUCAÇÃO PROFISSIONAL E TECNOLÓGICA
2020-30303020103;EDUCAÇÃO PROFISSIONAL E TECNOLÓGICA
2020-30303020104;EDUCAÇÃO PROFISSIONAL E TECNOLÓGICA
2020-30303020105;EDUCAÇÃO PROFISSIONAL E TECNOLÓGICA
2020-30303020106;EDUCAÇÃO PROFISSIONAL E TECNOLÓGICA
2020-30303020199;EDUCAÇÃO PROFISSIONAL E TECNOLÓGICA
2020-30303020201;EDUCAÇÃO PROFISSIONAL E TECNOLÓGICA
2020-30303020202;EDUCAÇÃO PROFISSIONAL E TECNOLÓGICA
2020-30303020301;EDUCAÇÃO PROFISSIONAL E TECNOLÓGICA
2020-30303020401;EDUCAÇÃO PROFISSIONAL E TECNOLÓGICA
2020-30303020501;EDUCAÇÃO PROFISSIONAL E TECNOLÓGICA
2020-30303020502;EDUCAÇÃO PROFISSIONAL E TECNOLÓGICA
2020-30303020503;EDUCAÇÃO PROFISSIONAL E TECNOLÓGICA
2020-30303020601;EDUCAÇÃO PROFISSIONAL E TECNOLÓGICA
2020-30303040101;EDUCAÇÃO PROFISSIONAL E TECNOLÓGICA
2020-30303040201;EDUCAÇÃO PROFISSIONAL E TECNOLÓGICA
2020-30303040401;EDUCAÇÃO PROFISSIONAL E TECNOLÓGICA
2020-30303040501;EDUCAÇÃO PROFISSIONAL E TECNOLÓGICA
2021-30303010101;EDUCAÇÃO PROFISSIONAL E TECNOLÓGICA
2021-30303010201;EDUCAÇÃO PROFISSIONAL E TECNOLÓGICA
2021-30303020101;EDUCAÇÃO PROFISSIONAL E TECNOLÓGICA
2021-30303020102;EDUCAÇÃO PROFISSIONAL E TECNOLÓGICA
2021-30303020103;EDUCAÇÃO PROFISSIONAL E TECNOLÓGICA
2021-30303020107;EDUCAÇÃO PROFISSIONAL E TECNOLÓGICA
2021-30303020108;EDUCAÇÃO PROFISSIONAL E TECNOLÓGICA
2021-30303020190;EDUCAÇÃO PROFISSIONAL E TECNOLÓGICA
2021-30303020199;EDUCAÇÃO PROFISSIONAL E TECNOLÓGICA
2021-30303020201;EDUCAÇÃO PROFISSIONAL E TECNOLÓGICA
2021-30303020301;EDUCAÇÃO PROFISSIONAL E TECNOLÓGICA
2021-30303020401;EDUCAÇÃO PROFISSIONAL E TECNOLÓGICA
2021-30303020501;EDUCAÇÃO PROFISSIONAL E TECNOLÓGICA
2021-30303020502;EDUCAÇÃO PROFISSIONAL E TECNOLÓGICA
2021-30303020601;EDUCAÇÃO PROFISSIONAL E TECNOLÓGICA
2021-30303040101;EDUCAÇÃO PROFISSIONAL E TECNOLÓGICA
2021-30303040201;EDUCAÇÃO PROFISSIONAL E TECNOLÓGICA
2021-30303040401;EDUCAÇÃO PROFISSIONAL E TECNOLÓGICA
2021-30303040501;EDUCAÇÃO PROFISSIONAL E TECNOLÓGICA
2017-30301010201;ESCOLA
2017-30301020101;ESCOLA
2017-30301020201;ESCOLA
2017-30301030101;ESCOLA
2017-30301030102;ESCOLA
2017-30301040301;ESCOLA
2017-30301040401;ESCOLA
2017-30302010101;EDUCAÇÃO CONTINUADA
2017-30302010102;EDUCAÇÃO CONTINUADA
2017-30302010301;EDUCAÇÃO CONTINUADA
2017-30302010401;EDUCAÇÃO CONTINUADA
2017-30302010501;EDUCAÇÃO CONTINUADA
2017-30302020101;EDUCAÇÃO CONTINUADA
2017-30302020201;EDUCAÇÃO CONTINUADA
2017-30302020301;EDUCAÇÃO CONTINUADA
2017-30302020401;EDUCAÇÃO CONTINUADA
2017-30304010101;EDUCAÇÃO SUPERIOR
2017-30304010301;EDUCAÇÃO SUPERIOR
2017-30304011101;EDUCAÇÃO SUPERIOR
2017-30305010101;EDUCAÇÃO EXECUTIVA
2017-30305010102;EDUCAÇÃO EXECUTIVA
2017-30306010101;ESTAGIO E DESENVOLVIMENTO DA CARREIRA
2017-30306010102;ESTAGIO E DESENVOLVIMENTO DA CARREIRA
2017-30307010301;BIBLIOTECAS
2017-30307010302;BIBLIOTECAS
2017-30307010303;BIBLIOTECAS
2017-30307010305;BIBLIOTECAS
2017-30307010306;BIBLIOTECAS
2017-30307010801;BIBLIOTECAS
2017-30311010101;T&D
2017-30311010102;T&D
2017-30311010103;T&D
2017-30311010104;T&D
2018-30301010102;ESCOLA
2018-30301010201;ESCOLA
2018-30301020101;ESCOLA
2018-30301020201;ESCOLA
2018-30301030101;ESCOLA
2018-30301030102;ESCOLA
2018-30302010101;EDUCAÇÃO CONTINUADA
2018-30302010301;EDUCAÇÃO CONTINUADA
2018-30302010401;EDUCAÇÃO CONTINUADA
2018-30302010501;EDUCAÇÃO CONTINUADA
2018-30302020101;EDUCAÇÃO CONTINUADA
2018-30302020201;EDUCAÇÃO CONTINUADA
2018-30302020301;EDUCAÇÃO CONTINUADA
2018-30302020401;EDUCAÇÃO CONTINUADA
2018-30304010101;EDUCAÇÃO SUPERIOR
2018-30304010301;EDUCAÇÃO SUPERIOR
2018-30304011101;EDUCAÇÃO SUPERIOR
2018-30305010101;EDUCAÇÃO EXECUTIVA
2018-30305010102;EDUCAÇÃO EXECUTIVA
2018-30305010103;EDUCAÇÃO EXECUTIVA
2018-30306010101;ESTAGIO E DESENVOLVIMENTO DA CARREIRA
2018-30307010301;BIBLIOTECAS
2018-30307010302;BIBLIOTECAS
2018-30307010303;BIBLIOTECAS
2018-30307010305;BIBLIOTECAS
2018-30307010306;BIBLIOTECAS
2018-30307010701;BIBLIOTECAS
2018-30307010801;BIBLIOTECAS
2018-30311010101;T&D
2018-30311010102;T&D
2018-30311010103;T&D
2018-30311010104;T&D
2019-30301010201;ESCOLA
2019-30301020101;ESCOLA
2019-30301020201;ESCOLA
2019-30301030101;ESCOLA
2019-30301030102;ESCOLA
2019-30301030201;ESCOLA
2019-30302010101;EDUCAÇÃO CONTINUADA
2019-30302010102;EDUCAÇÃO CONTINUADA
2019-30302010301;EDUCAÇÃO CONTINUADA
2019-30302010401;EDUCAÇÃO CONTINUADA
2019-30302010402;EDUCAÇÃO CONTINUADA
2019-30302010501;EDUCAÇÃO CONTINUADA
2019-30302020101;EDUCAÇÃO CONTINUADA
2019-30302020201;EDUCAÇÃO CONTINUADA
2019-30302020301;EDUCAÇÃO CONTINUADA
2019-30302020401;EDUCAÇÃO CONTINUADA
2019-30304010101;EDUCAÇÃO SUPERIOR
2019-30304010301;EDUCAÇÃO SUPERIOR
2019-30304011101;EDUCAÇÃO SUPERIOR
2019-30305010101;EDUCAÇÃO EXECUTIVA
2019-30305010103;EDUCAÇÃO EXECUTIVA
2019-30306010101;ESTAGIO E DESENVOLVIMENTO DA CARREIRA
2019-30307010301;BIBLIOTECAS
2019-30307010302;BIBLIOTECAS
2019-30307010303;BIBLIOTECAS
2019-30307010306;BIBLIOTECAS
2019-30307010801;BIBLIOTECAS
2019-30311010101;T&D
2019-30311010102;T&D
2019-30311010103;T&D
2019-30311010104;T&D
2019-30311010105;T&D
2019-30311010106;T&D
2019-30311010107;T&D
2020-30301010201;ESCOLA
2020-30301020101;ESCOLA
2020-30301020201;ESCOLA
2020-30301030101;ESCOLA
2020-30301030102;ESCOLA
2020-30301030201;ESCOLA
2020-30302010101;EDUCAÇÃO CONTINUADA
2020-30302010102;EDUCAÇÃO CONTINUADA
2020-30302010301;EDUCAÇÃO CONTINUADA
2020-30302010401;EDUCAÇÃO CONTINUADA
2020-30302010402;EDUCAÇÃO CONTINUADA
2020-30302010501;EDUCAÇÃO CONTINUADA
2020-30302020101;EDUCAÇÃO CONTINUADA
2020-30302020201;EDUCAÇÃO CONTINUADA
2020-30302020301;EDUCAÇÃO CONTINUADA
2020-30302020401;EDUCAÇÃO CONTINUADA
2020-30304010101;EDUCAÇÃO SUPERIOR
2020-30304010301;EDUCAÇÃO SUPERIOR
2020-30304010601;EDUCAÇÃO SUPERIOR
2020-30304011101;EDUCAÇÃO SUPERIOR
2020-30305010101;EDUCAÇÃO EXECUTIVA
2020-30305010103;EDUCAÇÃO EXECUTIVA
2020-30306010101;ESTAGIO E DESENVOLVIMENTO DA CARREIRA
2020-30307010301;BIBLIOTECAS
2020-30307010302;BIBLIOTECAS
2020-30307010303;BIBLIOTECAS
2020-30307010306;BIBLIOTECAS
2020-30307010801;BIBLIOTECAS
2020-30311010101;T&D
2020-30311010102;T&D
2020-30311010104;T&D
2020-30311010105;T&D
2020-30311010106;T&D
2020-30311010107;T&D
2021-30301010201;ESCOLA
2021-30301020101;ESCOLA
2021-30301020201;ESCOLA
2021-30301030101;ESCOLA
2021-30301030102;ESCOLA
2021-30301030190;ESCOLA
2021-30301030201;ESCOLA
2021-30302010101;EDUCAÇÃO CONTINUADA
2021-30302010102;EDUCAÇÃO CONTINUADA
2021-30302010401;EDUCAÇÃO CONTINUADA
2021-30302020201;EDUCAÇÃO CONTINUADA
2021-30302020401;EDUCAÇÃO CONTINUADA
2021-30304010101;EDUCAÇÃO SUPERIOR
2021-30304010301;EDUCAÇÃO SUPERIOR
2021-30304010601;EDUCAÇÃO SUPERIOR
2021-30305010101;EDUCAÇÃO EXECUTIVA
2021-30306010101;ESTAGIO E DESENVOLVIMENTO DA CARREIRA
2021-30307010301;BIBLIOTECAS
2021-30307010302;BIBLIOTECAS
2021-30307010303;BIBLIOTECAS
2021-30307010306;BIBLIOTECAS
2021-30307010801;BIBLIOTECAS
2021-30311010101;T&D
2021-30311010102;T&D
2021-30311010104;T&D
2021-30311010105;T&D
2021-30311010106;T&D
2021-30311010107;T&D
2017-30201010201;SERVICOS OPERACIONAIS
2017-30201010202;SERVICOS OPERACIONAIS
2017-30201020101;CONSULTORIA EM GESTAO EMPRESARIAL
2017-30201020102;CONSULTORIA EM GESTAO EMPRESARIAL
2017-30201020104;CONSULTORIA EM GESTAO EMPRESARIAL
2017-30201020107;CONSULTORIA EM GESTAO EMPRESARIAL
2017-30201020108;CONSULTORIA EM GESTAO EMPRESARIAL
2017-30201020201;CONSULTORIA EM PROCESSO PRODUTIVO
2017-30201020202;CONSULTORIA EM PROCESSO PRODUTIVO
2017-30201020204;CONSULTORIA EM PROCESSO PRODUTIVO
2017-30201020206;CONSULTORIA EM PROCESSO PRODUTIVO
2017-30201020207;CONSULTORIA EM PROCESSO PRODUTIVO
2017-30201020208;CONSULTORIA EM PROCESSO PRODUTIVO
2017-30201020209;CONSULTORIA EM PROCESSO PRODUTIVO
2017-30201020210;CONSULTORIA EM PROCESSO PRODUTIVO
2017-30201020211;CONSULTORIA EM PROCESSO PRODUTIVO
2017-30201020401;CONSULT. ATEND.A NORMAS E LEGISLACOES
2017-30201030102;ELABORACAO E DISSEMINACAO DE INFORMACOES
2017-30201050101;ENSAIOS
2017-30202010101;PEQUISA, DESENV E INOVACAO DE PRODUTO
2017-30202010102;PEQUISA, DESENV E INOVACAO DE PRODUTO
2017-30202010103;PEQUISA, DESENV E INOVACAO DE PRODUTO
2017-30202010107;PEQUISA, DESENV E INOVACAO DE PRODUTO
2017-30202010108;PEQUISA, DESENV E INOVACAO DE PRODUTO
2017-30202010109;PEQUISA, DESENV E INOVACAO DE PRODUTO
2017-30202010110;PEQUISA, DESENV E INOVACAO DE PRODUTO
2017-30202010201;PEQUISA, DESENV E INOVACAO DE PROCESSO
2017-30202010208;PEQUISA, DESENV E INOVACAO DE PROCESSO
2017-30210010101;GESTAO DA TECNOLOGIA E INOVACAO
2017-30210010102;GESTAO DA TECNOLOGIA E INOVACAO
2017-30210010103;GESTAO DA TECNOLOGIA E INOVACAO
2017-30210010104;GESTAO DA TECNOLOGIA E INOVACAO
2017-30210010106;GESTAO DA TECNOLOGIA E INOVACAO
2017-30210010107;GESTAO DA TECNOLOGIA E INOVACAO
2017-30210010108;GESTAO DA TECNOLOGIA E INOVACAO
2017-30210010110;GESTAO DA TECNOLOGIA E INOVACAO
2017-30210010190;GESTAO DA TECNOLOGIA E INOVACAO
2017-30211010101;ETD DA TECNOLOGIA E INOVACAO
2017-30211010102;ETD DA TECNOLOGIA E INOVACAO
2018-30201020101;CONSULTORIA EM GESTÃO EMPRESARIAL
2018-30201020102;CONSULTORIA EM GESTÃO EMPRESARIAL
2018-30201020107;CONSULTORIA EM GESTÃO EMPRESARIAL
2018-30201020108;CONSULTORIA EM GESTÃO EMPRESARIAL
2018-30201020201;CONSULTORIA EM PROCESSO PRODUTIVO
2018-30201020202;CONSULTORIA EM PROCESSO PRODUTIVO
2018-30201020204;CONSULTORIA EM PROCESSO PRODUTIVO
2018-30201020206;CONSULTORIA EM PROCESSO PRODUTIVO
2018-30201020207;CONSULTORIA EM PROCESSO PRODUTIVO
2018-30201020208;CONSULTORIA EM PROCESSO PRODUTIVO
2018-30201020401;CONSULTORIA PARA ATENDIMENTO A LEGISLAÇÕ
2018-30201050101;ENSAIOS
2018-30210010101;GESTÃO DA TECNOLOGIA E INOVAÇÃO
2018-30210010102;GESTÃO DA TECNOLOGIA E INOVAÇÃO
2018-30210010103;GESTÃO DA TECNOLOGIA E INOVAÇÃO
2018-30210010104;GESTÃO DA TECNOLOGIA E INOVAÇÃO
2018-30210010107;GESTÃO DA TECNOLOGIA E INOVAÇÃO
2018-30210010110;GESTÃO DA TECNOLOGIA E INOVAÇÃO
2018-30210010111;GESTÃO DA TECNOLOGIA E INOVAÇÃO
2018-30211010101;ETD DA TECNOLOGIA E INOVAÇÃO
2018-30211010102;ETD DA TECNOLOGIA E INOVAÇÃO
2019-30201020101;CONSULTORIA EM GESTÃO EMPRESARIAL
2019-30201020102;CONSULTORIA EM GESTÃO EMPRESARIAL
2019-30201020107;CONSULTORIA EM GESTÃO EMPRESARIAL
2019-30201020108;CONSULTORIA EM GESTÃO EMPRESARIAL
2019-30201020201;CONSULTORIA EM PROCESSO PRODUTIVO
2019-30201020202;CONSULTORIA EM PROCESSO PRODUTIVO
2019-30201020204;CONSULTORIA EM PROCESSO PRODUTIVO
2019-30201020206;CONSULTORIA EM PROCESSO PRODUTIVO
2019-30201020207;CONSULTORIA EM PROCESSO PRODUTIVO
2019-30201020208;CONSULTORIA EM PROCESSO PRODUTIVO
2019-30201020209;CONSULTORIA EM PROCESSO PRODUTIVO
2019-30201020401;CONSULTORIA PARA ATENDIMENTO A LEGISLAÇÕ
2019-30201050101;ENSAIOS
2019-30210010102;GESTÃO DA TECNOLOGIA E INOVAÇÃO
2019-30210010103;GESTÃO DA TECNOLOGIA E INOVAÇÃO
2019-30210010104;GESTÃO DA TECNOLOGIA E INOVAÇÃO
2019-30210010107;GESTÃO DA TECNOLOGIA E INOVAÇÃO
2019-30210010110;GESTÃO DA TECNOLOGIA E INOVAÇÃO
2019-30210010111;GESTÃO DA TECNOLOGIA E INOVAÇÃO
2019-30210010112;GESTÃO DA TECNOLOGIA E INOVAÇÃO
2019-30211010101;ETD DA TECNOLOGIA E INOVAÇÃO
2019-30211010102;ETD DA TECNOLOGIA E INOVAÇÃO
2020-30201020101;CONSULTORIA EM GESTÃO EMPRESARIAL
2020-30201020107;CONSULTORIA EM GESTÃO EMPRESARIAL
2020-30201020108;CONSULTORIA EM GESTÃO EMPRESARIAL
2020-30201020201;CONSULTORIA EM PROCESSO PRODUTIVO
2020-30201020202;CONSULTORIA EM PROCESSO PRODUTIVO
2020-30201020204;CONSULTORIA EM PROCESSO PRODUTIVO
2020-30201020206;CONSULTORIA EM PROCESSO PRODUTIVO
2020-30201020207;CONSULTORIA EM PROCESSO PRODUTIVO
2020-30201020208;CONSULTORIA EM PROCESSO PRODUTIVO
2020-30201020209;CONSULTORIA EM PROCESSO PRODUTIVO
2020-30201020401;CONSULTORIA PARA ATENDIMENTO A LEGISLAÇÕ
2020-30201050101;ENSAIOS
2020-30201050102;ENSAIOS
2020-30210010102;GESTÃO DA TECNOLOGIA E INOVAÇÃO
2020-30210010103;GESTÃO DA TECNOLOGIA E INOVAÇÃO
2020-30210010104;GESTÃO DA TECNOLOGIA E INOVAÇÃO
2020-30210010107;GESTÃO DA TECNOLOGIA E INOVAÇÃO
2020-30210010110;GESTÃO DA TECNOLOGIA E INOVAÇÃO
2020-30210010111;GESTÃO DA TECNOLOGIA E INOVAÇÃO
2020-30210010112;GESTÃO DA TECNOLOGIA E INOVAÇÃO
2020-30210010190;GESTÃO DA TECNOLOGIA E INOVAÇÃO
2020-30211010101;ETD DA TECNOLOGIA E INOVAÇÃO
2020-30211010102;ETD DA TECNOLOGIA E INOVAÇÃO
2021-30201020101;CONSULTORIA EM GESTÃO EMPRESARIAL
2021-30201020107;CONSULTORIA EM GESTÃO EMPRESARIAL
2021-30201020108;CONSULTORIA EM GESTÃO EMPRESARIAL
2021-30201020201;CONSULTORIA EM PROCESSO PRODUTIVO
2021-30201020202;CONSULTORIA EM PROCESSO PRODUTIVO
2021-30201020204;CONSULTORIA EM PROCESSO PRODUTIVO
2021-30201020206;CONSULTORIA EM PROCESSO PRODUTIVO
2021-30201020207;CONSULTORIA EM PROCESSO PRODUTIVO
2021-30201020208;CONSULTORIA EM PROCESSO PRODUTIVO
2021-30201020209;CONSULTORIA EM PROCESSO PRODUTIVO
2021-30201020210;CONSULTORIA EM PROCESSO PRODUTIVO
2021-30201020401;CONSULTORIA PARA ATENDIMENTO A LEGISLAÇÕ
2021-30201050101;ENSAIOS
2021-30201050102;ENSAIOS
2021-30210010102;GESTÃO DA TECNOLOGIA E INOVAÇÃO
2021-30210010103;GESTÃO DA TECNOLOGIA E INOVAÇÃO
2021-30210010104;GESTÃO DA TECNOLOGIA E INOVAÇÃO
2021-30210010107;GESTÃO DA TECNOLOGIA E INOVAÇÃO
2021-30210010111;GESTÃO DA TECNOLOGIA E INOVAÇÃO
2021-30210010112;GESTÃO DA TECNOLOGIA E INOVAÇÃO
2021-30210010113;GESTÃO DA TECNOLOGIA E INOVAÇÃO
2021-30211010101;ETD DA TECNOLOGIA E INOVAÇÃO
2021-30211010102;ETD DA TECNOLOGIA E INOVAÇÃO
2018-30202010101;PESQUISA, DESENVOLVIMENTO E INOVAÇÃO DE
2018-30202010102;PESQUISA, DESENVOLVIMENTO E INOVAÇÃO DE
2018-30202010103;PESQUISA, DESENVOLVIMENTO E INOVAÇÃO DE
2018-30202010104;PESQUISA, DESENVOLVIMENTO E INOVAÇÃO DE
2018-30202010105;PESQUISA, DESENVOLVIMENTO E INOVAÇÃO DE
2018-30202010106;PESQUISA, DESENVOLVIMENTO E INOVAÇÃO DE
2018-30202010107;PESQUISA, DESENVOLVIMENTO E INOVAÇÃO DE
2018-30202010108;PESQUISA, DESENVOLVIMENTO E INOVAÇÃO DE
2018-30202010109;PESQUISA, DESENVOLVIMENTO E INOVAÇÃO DE
2018-30202010110;PESQUISA, DESENVOLVIMENTO E INOVAÇÃO DE
2018-30202010201;PESQUISA, DESENVOLVIMENTO E INOVAÇÃO DE
2018-30202010202;PESQUISA, DESENVOLVIMENTO E INOVAÇÃO DE
2018-30202010203;PESQUISA, DESENVOLVIMENTO E INOVAÇÃO DE
2018-30202010204;PESQUISA, DESENVOLVIMENTO E INOVAÇÃO DE
2018-30202010205;PESQUISA, DESENVOLVIMENTO E INOVAÇÃO DE
2018-30202010206;PESQUISA, DESENVOLVIMENTO E INOVAÇÃO DE
2018-30202010207;PESQUISA, DESENVOLVIMENTO E INOVAÇÃO DE
2018-30202010208;PESQUISA, DESENVOLVIMENTO E INOVAÇÃO DE
2019-30202010101;PESQUISA, DESENVOLVIMENTO E INOVAÇÃO DE
2019-30202010102;PESQUISA, DESENVOLVIMENTO E INOVAÇÃO DE
2019-30202010103;PESQUISA, DESENVOLVIMENTO E INOVAÇÃO DE
2019-30202010104;PESQUISA, DESENVOLVIMENTO E INOVAÇÃO DE
2019-30202010105;PESQUISA, DESENVOLVIMENTO E INOVAÇÃO DE
2019-30202010106;PESQUISA, DESENVOLVIMENTO E INOVAÇÃO DE
2019-30202010107;PESQUISA, DESENVOLVIMENTO E INOVAÇÃO DE
2019-30202010108;PESQUISA, DESENVOLVIMENTO E INOVAÇÃO DE
2019-30202010109;PESQUISA, DESENVOLVIMENTO E INOVAÇÃO DE
2019-30202010110;PESQUISA, DESENVOLVIMENTO E INOVAÇÃO DE
2019-30202010111;PESQUISA, DESENVOLVIMENTO E INOVAÇÃO DE
2019-30202010112;PESQUISA, DESENVOLVIMENTO E INOVAÇÃO DE
2019-30202010113;PESQUISA, DESENVOLVIMENTO E INOVAÇÃO DE
2019-30202010114;PESQUISA, DESENVOLVIMENTO E INOVAÇÃO DE
2019-30202010115;PESQUISA, DESENVOLVIMENTO E INOVAÇÃO DE
2019-30202010201;PESQUISA, DESENVOLVIMENTO E INOVAÇÃO DE
2019-30202010202;PESQUISA, DESENVOLVIMENTO E INOVAÇÃO DE
2019-30202010203;PESQUISA, DESENVOLVIMENTO E INOVAÇÃO DE
2019-30202010204;PESQUISA, DESENVOLVIMENTO E INOVAÇÃO DE
2019-30202010205;PESQUISA, DESENVOLVIMENTO E INOVAÇÃO DE
2019-30202010206;PESQUISA, DESENVOLVIMENTO E INOVAÇÃO DE
2019-30202010207;PESQUISA, DESENVOLVIMENTO E INOVAÇÃO DE
2019-30202010208;PESQUISA, DESENVOLVIMENTO E INOVAÇÃO DE
2019-30202010209;PESQUISA, DESENVOLVIMENTO E INOVAÇÃO DE
2019-30202010210;PESQUISA, DESENVOLVIMENTO E INOVAÇÃO DE
2019-30202010211;PESQUISA, DESENVOLVIMENTO E INOVAÇÃO DE
2019-30202010212;PESQUISA, DESENVOLVIMENTO E INOVAÇÃO DE
2019-30202010213;PESQUISA, DESENVOLVIMENTO E INOVAÇÃO DE
2019-30202010214;PESQUISA, DESENVOLVIMENTO E INOVAÇÃO DE
2019-30202010215;PESQUISA, DESENVOLVIMENTO E INOVAÇÃO DE
2019-30202010216;PESQUISA, DESENVOLVIMENTO E INOVAÇÃO DE
2019-30202010217;PESQUISA, DESENVOLVIMENTO E INOVAÇÃO DE
2019-30202010218;PESQUISA, DESENVOLVIMENTO E INOVAÇÃO DE
2019-30202010219;PESQUISA, DESENVOLVIMENTO E INOVAÇÃO DE
2019-30202010220;PESQUISA, DESENVOLVIMENTO E INOVAÇÃO DE
2019-30202010221;PESQUISA, DESENVOLVIMENTO E INOVAÇÃO DE
2019-30202010222;PESQUISA, DESENVOLVIMENTO E INOVAÇÃO DE
2019-30202010223;PESQUISA, DESENVOLVIMENTO E INOVAÇÃO DE
2019-30202010224;PESQUISA, DESENVOLVIMENTO E INOVAÇÃO DE
2019-30202010225;PESQUISA, DESENVOLVIMENTO E INOVAÇÃO DE
2019-30202010226;PESQUISA, DESENVOLVIMENTO E INOVAÇÃO DE
2021-30202010101;PESQUISA, DESENVOLVIMENTO E INOVAÇÃO DE
2021-30202010102;PESQUISA, DESENVOLVIMENTO E INOVAÇÃO DE
2021-30202010103;PESQUISA, DESENVOLVIMENTO E INOVAÇÃO DE
2021-30202010104;PESQUISA, DESENVOLVIMENTO E INOVAÇÃO DE
2021-30202010114;PESQUISA, DESENVOLVIMENTO E INOVAÇÃO DE
2021-30202010115;PESQUISA, DESENVOLVIMENTO E INOVAÇÃO DE
2021-30202010116;PESQUISA, DESENVOLVIMENTO E INOVAÇÃO DE
2021-30202010117;PESQUISA, DESENVOLVIMENTO E INOVAÇÃO DE
2021-30202010118;PESQUISA, DESENVOLVIMENTO E INOVAÇÃO DE
2021-30202010119;PESQUISA, DESENVOLVIMENTO E INOVAÇÃO DE
2021-30202010120;PESQUISA, DESENVOLVIMENTO E INOVAÇÃO DE
2021-30202010121;PESQUISA, DESENVOLVIMENTO E INOVAÇÃO DE
2021-30202010122;PESQUISA, DESENVOLVIMENTO E INOVAÇÃO DE
2021-30202010123;PESQUISA, DESENVOLVIMENTO E INOVAÇÃO DE
2021-30202010124;PESQUISA, DESENVOLVIMENTO E INOVAÇÃO DE
2021-30202010125;PESQUISA, DESENVOLVIMENTO E INOVAÇÃO DE
2021-30202010126;PESQUISA, DESENVOLVIMENTO E INOVAÇÃO DE
2021-30202010201;PESQUISA, DESENVOLVIMENTO E INOVAÇÃO DE
2021-30202010215;PESQUISA, DESENVOLVIMENTO E INOVAÇÃO DE
2021-30202010221;PESQUISA, DESENVOLVIMENTO E INOVAÇÃO DE
2021-30202010222;PESQUISA, DESENVOLVIMENTO E INOVAÇÃO DE
2021-30202010223;PESQUISA, DESENVOLVIMENTO E INOVAÇÃO DE
2021-30202010224;PESQUISA, DESENVOLVIMENTO E INOVAÇÃO DE
2021-30202010225;PESQUISA, DESENVOLVIMENTO E INOVAÇÃO DE
2021-30202010226;PESQUISA, DESENVOLVIMENTO E INOVAÇÃO DE
2021-30202010227;PESQUISA, DESENVOLVIMENTO E INOVAÇÃO DE
2021-30202010228;PESQUISA, DESENVOLVIMENTO E INOVAÇÃO DE
2021-30202010229;PESQUISA, DESENVOLVIMENTO E INOVAÇÃO DE
2021-30202010230;PESQUISA, DESENVOLVIMENTO E INOVAÇÃO DE
2021-30202010231;PESQUISA, DESENVOLVIMENTO E INOVAÇÃO DE
2021-30202010232;PESQUISA, DESENVOLVIMENTO E INOVAÇÃO DE
2021-30202010233;PESQUISA, DESENVOLVIMENTO E INOVAÇÃO DE
2021-30202010234;PESQUISA, DESENVOLVIMENTO E INOVAÇÃO DE
2021-30202010235;PESQUISA, DESENVOLVIMENTO E INOVAÇÃO DE
2021-30202010236;PESQUISA, DESENVOLVIMENTO E INOVAÇÃO DE
2021-30202010237;PESQUISA, DESENVOLVIMENTO E INOVAÇÃO DE
2021-30202010238;PESQUISA, DESENVOLVIMENTO E INOVAÇÃO DE
2021-30202010239;PESQUISA, DESENVOLVIMENTO E INOVAÇÃO DE
2021-30202010240;PESQUISA, DESENVOLVIMENTO E INOVAÇÃO DE
2021-30202010241;PESQUISA, DESENVOLVIMENTO E INOVAÇÃO DE
2021-30202010242;PESQUISA, DESENVOLVIMENTO E INOVAÇÃO DE
2020-30202010101;PESQUISA, DESENVOLVIMENTO E INOVAÇÃO DE
2020-30202010102;PESQUISA, DESENVOLVIMENTO E INOVAÇÃO DE
2020-30202010103;PESQUISA, DESENVOLVIMENTO E INOVAÇÃO DE
2020-30202010104;PESQUISA, DESENVOLVIMENTO E INOVAÇÃO DE
2020-30202010108;PESQUISA, DESENVOLVIMENTO E INOVAÇÃO DE
2020-30202010109;PESQUISA, DESENVOLVIMENTO E INOVAÇÃO DE
2020-30202010111;PESQUISA, DESENVOLVIMENTO E INOVAÇÃO DE
2020-30202010112;PESQUISA, DESENVOLVIMENTO E INOVAÇÃO DE
2020-30202010113;PESQUISA, DESENVOLVIMENTO E INOVAÇÃO DE
2020-30202010114;PESQUISA, DESENVOLVIMENTO E INOVAÇÃO DE
2020-30202010115;PESQUISA, DESENVOLVIMENTO E INOVAÇÃO DE
2020-30202010116;PESQUISA, DESENVOLVIMENTO E INOVAÇÃO DE
2020-30202010117;PESQUISA, DESENVOLVIMENTO E INOVAÇÃO DE
2020-30202010118;PESQUISA, DESENVOLVIMENTO E INOVAÇÃO DE
2020-30202010119;PESQUISA, DESENVOLVIMENTO E INOVAÇÃO DE
2020-30202010120;PESQUISA, DESENVOLVIMENTO E INOVAÇÃO DE
2020-30202010121;PESQUISA, DESENVOLVIMENTO E INOVAÇÃO DE
2020-30202010122;PESQUISA, DESENVOLVIMENTO E INOVAÇÃO DE
2020-30202010123;PESQUISA, DESENVOLVIMENTO E INOVAÇÃO DE
2020-30202010124;PESQUISA, DESENVOLVIMENTO E INOVAÇÃO DE
2020-30202010125;PESQUISA, DESENVOLVIMENTO E INOVAÇÃO DE
2020-30202010126;PESQUISA, DESENVOLVIMENTO E INOVAÇÃO DE
2020-30202010201;PESQUISA, DESENVOLVIMENTO E INOVAÇÃO DE
2020-30202010202;PESQUISA, DESENVOLVIMENTO E INOVAÇÃO DE
2020-30202010203;PESQUISA, DESENVOLVIMENTO E INOVAÇÃO DE
2020-30202010204;PESQUISA, DESENVOLVIMENTO E INOVAÇÃO DE
2020-30202010205;PESQUISA, DESENVOLVIMENTO E INOVAÇÃO DE
2020-30202010206;PESQUISA, DESENVOLVIMENTO E INOVAÇÃO DE
2020-30202010207;PESQUISA, DESENVOLVIMENTO E INOVAÇÃO DE
2020-30202010208;PESQUISA, DESENVOLVIMENTO E INOVAÇÃO DE
2020-30202010209;PESQUISA, DESENVOLVIMENTO E INOVAÇÃO DE
2020-30202010210;PESQUISA, DESENVOLVIMENTO E INOVAÇÃO DE
2020-30202010211;PESQUISA, DESENVOLVIMENTO E INOVAÇÃO DE
2020-30202010212;PESQUISA, DESENVOLVIMENTO E INOVAÇÃO DE
2020-30202010213;PESQUISA, DESENVOLVIMENTO E INOVAÇÃO DE
2020-30202010214;PESQUISA, DESENVOLVIMENTO E INOVAÇÃO DE
2020-30202010215;PESQUISA, DESENVOLVIMENTO E INOVAÇÃO DE
2020-30202010216;PESQUISA, DESENVOLVIMENTO E INOVAÇÃO DE
2020-30202010217;PESQUISA, DESENVOLVIMENTO E INOVAÇÃO DE
2020-30202010218;PESQUISA, DESENVOLVIMENTO E INOVAÇÃO DE
2020-30202010219;PESQUISA, DESENVOLVIMENTO E INOVAÇÃO DE
2020-30202010220;PESQUISA, DESENVOLVIMENTO E INOVAÇÃO DE
2020-30202010221;PESQUISA, DESENVOLVIMENTO E INOVAÇÃO DE
2020-30202010222;PESQUISA, DESENVOLVIMENTO E INOVAÇÃO DE
2020-30202010223;PESQUISA, DESENVOLVIMENTO E INOVAÇÃO DE
2020-30202010224;PESQUISA, DESENVOLVIMENTO E INOVAÇÃO DE
2020-30202010225;PESQUISA, DESENVOLVIMENTO E INOVAÇÃO DE
2020-30202010226;PESQUISA, DESENVOLVIMENTO E INOVAÇÃO DE
2020-30202010227;PESQUISA, DESENVOLVIMENTO E INOVAÇÃO DE
2020-30202010228;PESQUISA, DESENVOLVIMENTO E INOVAÇÃO DE
2020-30202010229;PESQUISA, DESENVOLVIMENTO E INOVAÇÃO DE
2020-30202010230;PESQUISA, DESENVOLVIMENTO E INOVAÇÃO DE
2020-30202010231;PESQUISA, DESENVOLVIMENTO E INOVAÇÃO DE
2020-30202010232;PESQUISA, DESENVOLVIMENTO E INOVAÇÃO DE
2020-30202010233;PESQUISA, DESENVOLVIMENTO E INOVAÇÃO DE
2020-30202010234;PESQUISA, DESENVOLVIMENTO E INOVAÇÃO DE
2020-30202010235;PESQUISA, DESENVOLVIMENTO E INOVAÇÃO DE
2020-30202010236;PESQUISA, DESENVOLVIMENTO E INOVAÇÃO DE
2020-30202010237;PESQUISA, DESENVOLVIMENTO E INOVAÇÃO DE
2020-30202010238;PESQUISA, DESENVOLVIMENTO E INOVAÇÃO DE
2020-30202010239;PESQUISA, DESENVOLVIMENTO E INOVAÇÃO DE
2020-30202010240;PESQUISA, DESENVOLVIMENTO E INOVAÇÃO DE
2020-30202010241;PESQUISA, DESENVOLVIMENTO E INOVAÇÃO DE
2020-30202010242;PESQUISA, DESENVOLVIMENTO E INOVAÇÃO DE
2017-30401100101;GESTÃO
2017-30401100103;GESTÃO
2017-30401100104;GESTÃO
2017-30401100105;GESTÃO
2017-30401100106;GESTÃO
2017-30401100107;GESTÃO
2017-30401100108;GESTÃO
2017-30401100109;GESTÃO
2017-30401100190;GESTÃO
2017-30403100102;GESTÃO
2017-30403100103;GESTÃO
2017-30403100105;GESTÃO
2017-30403100106;GESTÃO
2017-30403100190;GESTÃO
2017-30405010101;GESTÃO
2017-30406020101;GESTÃO
2018-30401100101;GESTÃO
2018-30401100103;GESTÃO
2018-30401100104;GESTÃO
2018-30401100107;GESTÃO
2018-30401100109;GESTÃO
2018-30401100110;GESTÃO
2018-30401100111;GESTÃO
2018-30401100112;GESTÃO
2018-30401100190;GESTÃO
2018-30403100102;GESTÃO
2018-30403100104;GESTÃO
2018-30403100105;GESTÃO
2018-30403100190;GESTÃO
2018-30407100101;GESTÃO
2018-30408020101;GESTÃO
2018-30408020102;GESTÃO
2018-30408020103;GESTÃO
2019-30401100101;GESTÃO
2019-30401100103;GESTÃO
2019-30401100107;GESTÃO
2019-30401100112;GESTÃO
2019-30401100190;GESTÃO
2019-30403100102;GESTÃO
2019-30403100104;GESTÃO
2019-30403100105;GESTÃO
2019-30407100101;GESTÃO
2019-30408020101;GESTÃO
2019-30408020103;GESTÃO
2020-30401100101;GESTÃO
2020-30401100103;GESTÃO
2020-30401100107;GESTÃO
2020-30401100112;GESTÃO
2020-30401100113;GESTÃO
2020-30401100190;GESTÃO
2020-30403100102;GESTÃO
2020-30403100104;GESTÃO
2020-30403100105;GESTÃO
2020-30407100101;GESTÃO
2020-30407100102;GESTÃO
2020-30408020101;GESTÃO
2021-30401100101;GESTÃO
2021-30401100103;GESTÃO
2021-30401100107;GESTÃO
2021-30401100113;GESTÃO
2021-30401100190;GESTÃO
2021-30403100102;GESTÃO
2021-30403100104;GESTÃO
2021-30403100105;GESTÃO
2021-30407100101;GESTÃO
2021-30407100102;GESTÃO
2021-30408020101;GESTÃO
2021-30408020102;GESTÃO
2017-30401010101;PROGRAMAS LEGAIS
2017-30401010102;PROGRAMAS LEGAIS
2017-30401010103;PROGRAMAS LEGAIS
2017-30401010105;CONSULTAS E EXAMES
2017-30401010301;ODONTOLOGIA
2017-30401010302;ODONTOLOGIA
2017-30401010501;VACINAS
2017-30401010601;CONSULTAS E EXAMES
2017-30401010901;CONSULTAS E EXAMES
2017-30401011001;CONSULTORIA
2017-30401011002;CONSULTORIA
2017-30401011101;PROGRAMAS LEGAIS
2017-30401011102;PROGRAMAS LEGAIS
2017-30401011103;PROGRAMAS LEGAIS
2017-30401011201;CONSULTAS E EXAMES
2017-30401110101;T&D
2017-30402010101;PCD
2017-30402030101;EVENTOS
2017-30402030301;EVENTOS
2017-30402030302;EVENTOS
2017-30403010701;SPS
2017-30403011401;SPS
2017-30403011501;SPS
2017-30403011502;SPS
2017-30403011503;ATIVIDADES FÍSICAS
2017-30403011504;ATIVIDADES FÍSICAS
2017-30403011601;SPS
2017-30403011602;CLUBE
2017-30403011603;EVENTOS
2017-30403011801;SPS
2017-30403060101;CLUBE
2017-30403090201;CONSULTAS E EXAMES
2017-30403090401;VACINAS
2017-30403090601;UNIDADE MÓVEL
2017-30403110101;T&D
2018-30401020301;PROGRAMAS LEGAIS
2018-30401020601;PROGRAMAS LEGAIS
2018-30401020701;CONSULTAS E EXAMES
2018-30401020801;CONSULTAS E EXAMES
2018-30403011401;SPS
2018-30403011901;VACINAS
2018-30403012001;ATIVIDADES FÍSICAS
2018-30403012101;SPS
2018-30403012102;SPS
2018-30403012103;SPS
2018-30403012301;SPS
2018-30403012501;SAÚDE EM FORMA
2018-30403012502;SPS
2018-30407010101;CONSULTORIA
2018-30408010701;INOVAÇÃO SESI
2018-30408010702;INOVAÇÃO SESI
2018-30408010703;INOVAÇÃO SESI
2018-30408010704;INOVAÇÃO SESI
2018-30408010705;INOVAÇÃO SESI
2019-30401020301;PROGRAMAS LEGAIS
2019-30401020601;PROGRAMAS LEGAIS
2019-30401020701;CONSULTAS E EXAMES
2019-30401020801;CONSULTAS E EXAMES
2019-30403011401;SPS
2019-30403011901;VACINAS
2019-30403012001;ATIVIDADES FÍSICAS
2019-30403012101;SPS
2019-30403012102;SPS
2019-30403012301;SPS
2019-30403012502;SPS
2019-30403012503;SAÚDE EM FORMA
2019-30407010101;CONSULTORIA
2019-30408010701;INOVAÇÃO SESI
2019-30408010703;INOVAÇÃO SESI
2019-30408010704;INOVAÇÃO SESI
2019-30408010705;INOVAÇÃO SESI
2019-30408010706;INOVAÇÃO SESI
2019-30408010707;INOVAÇÃO SESI
2019-30408010708;INOVAÇÃO SESI
2019-30408010709;INOVAÇÃO SESI
2019-30412010101;EDUCAÇÃO CONTINUADA
2019-30412010301;EDUCAÇÃO CONTINUADA
2020-30401020301;PROGRAMAS LEGAIS
2020-30401020601;PROGRAMAS LEGAIS
2020-30401020701;CONSULTAS E EXAMES
2020-30401020801;CONSULTAS E EXAMES
2020-30403011401;SPS
2020-30403011901;VACINAS
2020-30403012001;ATIVIDADES FÍSICAS
2020-30403012101;SPS
2020-30403012102;SPS
2020-30403012301;SPS
2020-30403012502;SPS
2020-30403012503;SAÚDE EM FORMA
2020-30403012504;SERVIÇOS INTEGRADOS EM PROMOÇÃO DA SAÚDE
2020-30403012505;SERVIÇOS INTEGRADOS EM PROMOÇÃO DA SAÚDE
2020-30407010101;CONSULTORIA
2020-30407011001;SESI VIVA+
2020-30408010701;INOVAÇÃO SESI
2020-30408010704;INOVAÇÃO SESI
2020-30408010708;INOVAÇÃO SESI
2020-30408010709;INOVAÇÃO SESI
2020-30412010301;EDUCAÇÃO CONTINUADA
2020-30412010302;EDUCAÇÃO CONTINUADA
2021-30401020301;PROGRAMAS LEGAIS
2021-30401020302;PROGRAMAS LEGAIS
2021-30401020601;PROGRAMAS LEGAIS
2021-30401020701;CONSULTAS E EXAMES
2021-30401020801;CONSULTAS E EXAMES
2021-30403011401;SPS
2021-30403011901;VACINAS
2021-30403012001;ATIVIDADES FÍSICAS
2021-30403012101;SPS
2021-30403012102;SPS
2021-30403012301;SPS
2021-30403012502;SPS
2021-30403012503;SAÚDE EM FORMA
2021-30403012701;SERVIÇOS DE ENFRENTAMENTO DA COVID-19
2021-30403012801;SERVIÇOS DE TELEATENDIMENTO EM SAÚDE
2021-30403012901;TESTES COVID PCR E IMUNOLÓGICO
2021-30407010101;CONSULTORIA
2021-30407011001;SESI VIVA+
2021-30407110101;T&D
2021-30408010704;INOVAÇÃO SESI
2021-30412010301;EDUCAÇÃO CONTINUADA
2017-10101010101;GESTAO CONSULTIVA DELIBERATIVA
2017-10101010201;GESTAO EXECUTIVA
2017-10101010202;GESTAO EXECUTIVA
2017-10101010203;GESTAO EXECUTIVA
2017-10101010204;GESTAO EXECUTIVA
2017-10101010205;GESTAO EXECUTIVA
2017-10101010206;GESTAO EXECUTIVA
2017-10101010207;GESTAO EXECUTIVA
2017-10101010208;GESTAO EXECUTIVA
2017-10201010101;JURIDICO
2017-10201010201;AUDITORIA
2017-10201010301;COMUNICACAO
2017-10201010401;PLANEJAMENTO E ORCAMENTO
2017-10201010402;PLANEJAMENTO E ORCAMENTO
2017-10201010403;PLANEJAMENTO E ORCAMENTO
2017-10201010404;PLANEJAMENTO E ORCAMENTO
2017-10201010501;ASSESSORIA TECNICA
2017-10201010502;ASSESSORIA TECNICA
2017-10201010503;ASSESSORIA TECNICA
2017-10201010504;ASSESSORIA TECNICA
2017-10201010506;ASSESSORIA TECNICA
2017-10201010507;ASSESSORIA TECNICA
2017-10201010508;ASSESSORIA TECNICA
2017-10201010509;ASSESSORIA TECNICA
2017-10201010510;ASSESSORIA TECNICA
2017-10201010511;ASSESSORIA TECNICA
2017-10211010101;ETD DA GESTAO
2017-10211010102;ETD DA GESTAO
2017-10211010103;ETD DA GESTAO
2017-10211010104;ETD DA GESTAO
2017-10211010105;ETD DA GESTAO
2017-10211010106;ETD DA GESTAO
2017-10211010107;ETD DA GESTAO
2017-10211010108;ETD DA GESTAO
2017-10211010109;ETD DA GESTAO
2017-10211010110;ETD DA GESTAO
2018-10101010101;GESTÃO CONSULTIVA DELIBERATIVA
2018-10101010201;GESTÃO EXECUTIVA
2018-10101010202;GESTÃO EXECUTIVA
2018-10101010204;GESTÃO EXECUTIVA
2018-10101010205;GESTÃO EXECUTIVA
2018-10101010206;GESTÃO EXECUTIVA
2018-10101010207;GESTÃO EXECUTIVA
2018-10101010208;GESTÃO EXECUTIVA
2018-10201010101;JURÍDICO
2018-10201010201;AUDITORIA
2018-10201010301;COMUNICAÇÃO
2018-10201010401;PLANEJAMENTO E ORÇAMENTO
2018-10201010402;PLANEJAMENTO E ORÇAMENTO
2018-10201010404;PLANEJAMENTO E ORÇAMENTO
2018-10201010501;ASSESSORIA TÉCNICA
2018-10201010502;ASSESSORIA TÉCNICA
2018-10201010503;ASSESSORIA TÉCNICA
2018-10201010504;ASSESSORIA TÉCNICA
2018-10201010505;ASSESSORIA TÉCNICA
2018-10201010506;ASSESSORIA TÉCNICA
2018-10201010507;ASSESSORIA TÉCNICA
2018-10201010508;ASSESSORIA TÉCNICA
2018-10201010509;ASSESSORIA TÉCNICA
2018-10201010510;ASSESSORIA TÉCNICA
2018-10201010511;ASSESSORIA TÉCNICA
2018-10201010512;ASSESSORIA TÉCNICA
2018-10201010513;ASSESSORIA TÉCNICA
2018-10201010514;ASSESSORIA TÉCNICA
2018-10211010101;ETD DA GESTÃO
2018-10211010102;ETD DA GESTÃO
2018-10211010103;ETD DA GESTÃO
2018-10211010104;ETD DA GESTÃO
2018-10211010105;ETD DA GESTÃO
2018-10211010106;ETD DA GESTÃO
2018-10211010107;ETD DA GESTÃO
2018-10211010108;ETD DA GESTÃO
2018-10211010109;ETD DA GESTÃO
2018-10211010110;ETD DA GESTÃO
2018-10211010111;ETD DA GESTÃO
2018-10211010112;ETD DA GESTÃO
2018-10211010113;ETD DA GESTÃO
2018-10211010114;ETD DA GESTÃO
2018-10211010115;ETD DA GESTÃO
2018-10211010116;ETD DA GESTÃO
2019-10101010101;GESTÃO CONSULTIVA DELIBERATIVA
2019-10101010201;GESTÃO EXECUTIVA
2019-10101010202;GESTÃO EXECUTIVA
2019-10101010204;GESTÃO EXECUTIVA
2019-10101010205;GESTÃO EXECUTIVA
2019-10101010206;GESTÃO EXECUTIVA
2019-10101010207;GESTÃO EXECUTIVA
2019-10201010101;JURÍDICO
2019-10201010201;AUDITORIA
2019-10201010301;COMUNICAÇÃO
2019-10201010402;PLANEJAMENTO E ORÇAMENTO
2019-10201010501;ASSESSORIA TÉCNICA
2019-10201010505;ASSESSORIA TÉCNICA
2019-10201010506;ASSESSORIA TÉCNICA
2019-10201010507;ASSESSORIA TÉCNICA
2019-10201010513;ASSESSORIA TÉCNICA
2019-10201010514;ASSESSORIA TÉCNICA
2019-10211010101;ETD DA GESTÃO
2019-10211010102;ETD DA GESTÃO
2019-10211010103;ETD DA GESTÃO
2019-10211010106;ETD DA GESTÃO
2019-10211010107;ETD DA GESTÃO
2019-10211010108;ETD DA GESTÃO
2019-10211010109;ETD DA GESTÃO
2019-10211010110;ETD DA GESTÃO
2019-10211010111;ETD DA GESTÃO
2019-10211010116;ETD DA GESTÃO
2019-10211010117;ETD DA GESTÃO
2020-10101010101;GESTÃO CONSULTIVA DELIBERATIVA
2020-10101010201;GESTÃO EXECUTIVA
2020-10101010202;GESTÃO EXECUTIVA
2020-10101010204;GESTÃO EXECUTIVA
2020-10101010205;GESTÃO EXECUTIVA
2020-10101010206;GESTÃO EXECUTIVA
2020-10101010207;GESTÃO EXECUTIVA
2020-10201010101;JURÍDICO
2020-10201010201;AUDITORIA
2020-10201010301;COMUNICAÇÃO
2020-10201010402;PLANEJAMENTO E ORÇAMENTO
2020-10201010501;ASSESSORIA TÉCNICA
2020-10201010505;ASSESSORIA TÉCNICA
2020-10201010506;ASSESSORIA TÉCNICA
2020-10201010507;ASSESSORIA TÉCNICA
2020-10201010513;ASSESSORIA TÉCNICA
2020-10201010514;ASSESSORIA TÉCNICA
2020-10201010515;ASSESSORIA TÉCNICA
2020-10211010101;ETD DA GESTÃO
2020-10211010102;ETD DA GESTÃO
2020-10211010103;ETD DA GESTÃO
2020-10211010106;ETD DA GESTÃO
2020-10211010107;ETD DA GESTÃO
2020-10211010108;ETD DA GESTÃO
2020-10211010110;ETD DA GESTÃO
2020-10211010116;ETD DA GESTÃO
2020-10211010117;ETD DA GESTÃO
2020-10211010118;ETD DA GESTÃO
2021-10101010101;GESTÃO CONSULTIVA DELIBERATIVA
2021-10101010201;GESTÃO EXECUTIVA
2021-10101010204;GESTÃO EXECUTIVA
2021-10101010205;GESTÃO EXECUTIVA
2021-10101010206;GESTÃO EXECUTIVA
2021-10101010207;GESTÃO EXECUTIVA
2021-10201010101;JURÍDICO
2021-10201010201;AUDITORIA
2021-10201010301;COMUNICAÇÃO
2021-10201010402;PLANEJAMENTO E ORÇAMENTO
2021-10201010501;ASSESSORIA TÉCNICA
2021-10201010505;ASSESSORIA TÉCNICA
2021-10201010506;ASSESSORIA TÉCNICA
2021-10201010507;ASSESSORIA TÉCNICA
2021-10201010513;ASSESSORIA TÉCNICA
2021-10201010514;ASSESSORIA TÉCNICA
2021-10201010515;ASSESSORIA TÉCNICA
2021-10211010101;ETD DA GESTÃO
2021-10211010102;ETD DA GESTÃO
2021-10211010103;ETD DA GESTÃO
2021-10211010106;ETD DA GESTÃO
2021-10211010107;ETD DA GESTÃO
2021-10211010108;ETD DA GESTÃO
2021-10211010116;ETD DA GESTÃO
2021-10211010117;ETD DA GESTÃO
2021-10211010118;ETD DA GESTÃO
2021-10211010119;ETD DA GESTÃO
2017-40101010101;GESTAO ADMINISTRATIVA
2017-40101010102;GESTAO ADMINISTRATIVA
2017-40101010103;GESTAO ADMINISTRATIVA
2017-40101010104;GESTAO ADMINISTRATIVA
2017-40101010105;GESTAO ADMINISTRATIVA
2017-40101010106;GESTAO ADMINISTRATIVA
2017-40101010107;GESTAO ADMINISTRATIVA
2017-40101010108;GESTAO ADMINISTRATIVA
2017-40101010110;GESTAO ADMINISTRATIVA
2017-40101010201;GESTAO FINANCEIRA
2017-40101010202;GESTAO FINANCEIRA
2017-40101020101;GESTAO DE PESSOAS
2017-40101020201;DESENVOLVIMENTO ORGANIZACIONAL
2017-40101020202;DESENVOLVIMENTO ORGANIZACIONAL
2017-40101030101;GESTAO DE TECNOLOGIA DA INFORMACAO
2017-40101030102;GESTAO DE TECNOLOGIA DA INFORMACAO
2017-40101030202;GESTAO DE INFORMACAO E DOCUMENTACAO
2017-40111010102;ETD DO APOIO
2017-40111010103;ETD DO APOIO
2017-40111010104;ETD DO APOIO
2017-40111010105;ETD DO APOIO
2017-40111010106;ETD DO APOIO
2017-40111010107;ETD DO APOIO
2017-40111010108;ETD DO APOIO
2018-40101010101;GESTÃO ADMINISTRATIVA
2018-40101010102;GESTÃO ADMINISTRATIVA
2018-40101010103;GESTÃO ADMINISTRATIVA
2018-40101010104;GESTÃO ADMINISTRATIVA
2018-40101010105;GESTÃO ADMINISTRATIVA
2018-40101010106;GESTÃO ADMINISTRATIVA
2018-40101010107;GESTÃO ADMINISTRATIVA
2018-40101010108;GESTÃO ADMINISTRATIVA
2018-40101010109;GESTÃO ADMINISTRATIVA
2018-40101010201;GESTÃO FINANCEIRA
2018-40101010202;GESTÃO FINANCEIRA
2018-40101010203;GESTÃO FINANCEIRA
2018-40101010204;GESTÃO FINANCEIRA
2018-40101020201;DESENVOLVIMENTO ORGANIZACIONAL
2018-40101020202;DESENVOLVIMENTO ORGANIZACIONAL
2018-40101020203;DESENVOLVIMENTO ORGANIZACIONAL
2018-40101020204;DESENVOLVIMENTO ORGANIZACIONAL
2018-40101020205;DESENVOLVIMENTO ORGANIZACIONAL
2018-40101030101;GESTÃO DE TECNOLOGIA DA INFORMAÇÃO
2018-40101030102;GESTÃO DE TECNOLOGIA DA INFORMAÇÃO
2018-40101030103;GESTÃO DE TECNOLOGIA DA INFORMAÇÃO
2018-40101030201;GESTÃO DE INFORMAÇÃO E DOCUMENTAÇÃO
2018-40111010101;ETD DO APOIO
2018-40111010102;ETD DO APOIO
2018-40111010103;ETD DO APOIO
2018-40111010104;ETD DO APOIO
2018-40111010105;ETD DO APOIO
2018-40111010106;ETD DO APOIO
2018-40111010107;ETD DO APOIO
2018-40111010108;ETD DO APOIO
2019-40101010102;GESTÃO ADMINISTRATIVA
2019-40101010103;GESTÃO ADMINISTRATIVA
2019-40101010104;GESTÃO ADMINISTRATIVA
2019-40101010105;GESTÃO ADMINISTRATIVA
2019-40101010106;GESTÃO ADMINISTRATIVA
2019-40101010107;GESTÃO ADMINISTRATIVA
2019-40101010109;GESTÃO ADMINISTRATIVA
2019-40101010201;GESTÃO FINANCEIRA
2019-40101010203;GESTÃO FINANCEIRA
2019-40101010204;GESTÃO FINANCEIRA
2019-40101020205;DESENVOLVIMENTO ORGANIZACIONAL
2019-40101030101;GESTÃO DE TECNOLOGIA DA INFORMAÇÃO
2019-40101030103;GESTÃO DE TECNOLOGIA DA INFORMAÇÃO
2019-40101030201;GESTÃO DE INFORMAÇÃO E DOCUMENTAÇÃO
2019-40111010101;ETD DO APOIO
2019-40111010103;ETD DO APOIO
2019-40111010104;ETD DO APOIO
2019-40111010105;ETD DO APOIO
2019-40111010106;ETD DO APOIO
2019-40111010107;ETD DO APOIO
2019-40111010108;ETD DO APOIO
2019-40111010109;ETD DO APOIO
2019-40111010110;ETD DO APOIO
2020-40101010102;GESTÃO ADMINISTRATIVA
2020-40101010103;GESTÃO ADMINISTRATIVA
2020-40101010104;GESTÃO ADMINISTRATIVA
2020-40101010105;GESTÃO ADMINISTRATIVA
2020-40101010106;GESTÃO ADMINISTRATIVA
2020-40101010107;GESTÃO ADMINISTRATIVA
2020-40101010109;GESTÃO ADMINISTRATIVA
2020-40101010110;GESTÃO ADMINISTRATIVA
2020-40101010201;GESTÃO FINANCEIRA
2020-40101010203;GESTÃO FINANCEIRA
2020-40101010204;GESTÃO FINANCEIRA
2020-40101020205;DESENVOLVIMENTO ORGANIZACIONAL
2020-40101030101;GESTÃO DE TECNOLOGIA DA INFORMAÇÃO
2020-40101030103;GESTÃO DE TECNOLOGIA DA INFORMAÇÃO
2020-40101030201;GESTÃO DE INFORMAÇÃO E DOCUMENTAÇÃO
2020-40111010101;ETD DO APOIO
2020-40111010103;ETD DO APOIO
2020-40111010104;ETD DO APOIO
2020-40111010105;ETD DO APOIO
2020-40111010107;ETD DO APOIO
2020-40111010109;ETD DO APOIO
2020-40111010110;ETD DO APOIO
2021-40101010102;GESTÃO ADMINISTRATIVA
2021-40101010103;GESTÃO ADMINISTRATIVA
2021-40101010104;GESTÃO ADMINISTRATIVA
2021-40101010105;GESTÃO ADMINISTRATIVA
2021-40101010106;GESTÃO ADMINISTRATIVA
2021-40101010107;GESTÃO ADMINISTRATIVA
2021-40101010109;GESTÃO ADMINISTRATIVA
2021-40101010110;GESTÃO ADMINISTRATIVA
2021-40101010201;GESTÃO FINANCEIRA
2021-40101010203;GESTÃO FINANCEIRA
2021-40101010204;GESTÃO FINANCEIRA
2021-40101020205;DESENVOLVIMENTO ORGANIZACIONAL
2021-40101030101;GESTÃO DE TECNOLOGIA DA INFORMAÇÃO
2021-40101030103;GESTÃO DE TECNOLOGIA DA INFORMAÇÃO
2021-40101030201;GESTÃO DE INFORMAÇÃO E DOCUMENTAÇÃO
2021-40111010101;ETD DO APOIO
2021-40111010103;ETD DO APOIO
2021-40111010104;ETD DO APOIO
2021-40111010105;ETD DO APOIO
2021-40111010107;ETD DO APOIO
2021-40111010109;ETD DO APOIO
2021-40111010110;ETD DO APOIO
2017-30101010301;FORUNS, COMITES, CONSELHOS E REDES TEMAT
2017-30101010302;FORUNS, COMITES, CONSELHOS E REDES TEMAT
2017-30101010303;FORUNS, COMITES, CONSELHOS E REDES TEMAT
2017-30101010304;FORUNS, COMITES, CONSELHOS E REDES TEMAT
2017-30101010305;FORUNS, COMITES, CONSELHOS E REDES TEMAT
2017-30101010306;FORUNS, COMITES, CONSELHOS E REDES TEMAT
2017-30101010307;FORUNS, COMITES, CONSELHOS E REDES TEMAT
2017-30101020101;GESTAO TECNICA DA DEFESA DE INTERESSE DA
2017-30102010101;COMPETITITVIDADE INDUSTRIAL
2017-30102010102;COMPETITITVIDADE INDUSTRIAL
2017-30102010103;COMPETITITVIDADE INDUSTRIAL
2017-30102010104;COMPETITITVIDADE INDUSTRIAL
2017-30102020103;GESTAO TECNICA DA COMPETITIVIDADE INDUST
2017-30102020104;GESTAO TECNICA DA COMPETITIVIDADE INDUST
2017-30103010101;COMERCIO EXTERIOR
2017-30103010102;COMERCIO EXTERIOR
2017-30103010103;COMERCIO EXTERIOR
2017-30105020101;ACOES DE DESENVOLVIMENTO DOS SINDICATOS
2017-30105020102;ACOES DE DESENVOLVIMENTO DOS SINDICATOS
2017-30106010101;FORTALECIMENTO DA MICRO E PEQ EMPRESA
2017-30111010101;ETD DA DEFESA DE INTERESSES
2017-30111010102;ETD DA DEFESA DE INTERESSES
2018-30101010301;FÓRUNS, COMITÊS, CONSELHOS E REDES TEMÁT
2018-30101010302;FÓRUNS, COMITÊS, CONSELHOS E REDES TEMÁT
2018-30101010303;FÓRUNS, COMITÊS, CONSELHOS E REDES TEMÁT
2018-30101010304;FÓRUNS, COMITÊS, CONSELHOS E REDES TEMÁT
2018-30101010305;FÓRUNS, COMITÊS, CONSELHOS E REDES TEMÁT
2018-30101010306;FÓRUNS, COMITÊS, CONSELHOS E REDES TEMÁT
2018-30101010307;FÓRUNS, COMITÊS, CONSELHOS E REDES TEMÁT
2018-30102010101;COMPETITIVIDADE INDUSTRIAL
2018-30102010102;COMPETITIVIDADE INDUSTRIAL
2018-30102010301;MEIO AMBIENTE
2018-30102010401;INFRA ESTRUTURA
2018-30103010101;COMÉRCIO EXTERIOR
2018-30105020101;AÇÕES DE DESENVOLVIMENTO DOS SINDICATOS
2018-30105020102;AÇÕES DE DESENVOLVIMENTO DOS SINDICATOS
2018-30106010101;FORTALECIMENTO DA MICRO E PEQUENA EMPRES
2018-30111010101;ETD DA DEFESA DE INTERESSES
2018-30111010102;ETD DA DEFESA DE INTERESSES
2019-30101010301;FÓRUNS, COMITÊS, CONSELHOS E REDES TEMÁT
2019-30101010302;FÓRUNS, COMITÊS, CONSELHOS E REDES TEMÁT
2019-30101010303;FÓRUNS, COMITÊS, CONSELHOS E REDES TEMÁT
2019-30101010304;FÓRUNS, COMITÊS, CONSELHOS E REDES TEMÁT
2019-30101010305;FÓRUNS, COMITÊS, CONSELHOS E REDES TEMÁT
2019-30101010306;FÓRUNS, COMITÊS, CONSELHOS E REDES TEMÁT
2019-30101010307;FÓRUNS, COMITÊS, CONSELHOS E REDES TEMÁT
2019-30102010101;COMPETITIVIDADE INDUSTRIAL
2019-30102010102;COMPETITIVIDADE INDUSTRIAL
2019-30102010301;MEIO AMBIENTE E SUSTENTABILIDADE
2019-30102010401;INFRA ESTRUTURA
2019-30103010101;COMÉRCIO EXTERIOR
2019-30103010102;COMÉRCIO EXTERIOR
2019-30105020101;AÇÕES DE DESENVOLVIMENTO DOS SINDICATOS
2019-30105020102;AÇÕES DE DESENVOLVIMENTO DOS SINDICATOS
2019-30111010101;ETD DA DEFESA DE INTERESSES
2019-30111010102;ETD DA DEFESA DE INTERESSES
2020-30101010301;FÓRUNS, COMITÊS, CONSELHOS E REDES TEMÁT
2020-30101010302;FÓRUNS, COMITÊS, CONSELHOS E REDES TEMÁT
2020-30101010303;FÓRUNS, COMITÊS, CONSELHOS E REDES TEMÁT
2020-30101010304;FÓRUNS, COMITÊS, CONSELHOS E REDES TEMÁT
2020-30101010305;FÓRUNS, COMITÊS, CONSELHOS E REDES TEMÁT
2020-30101010306;FÓRUNS, COMITÊS, CONSELHOS E REDES TEMÁT
2020-30101010307;FÓRUNS, COMITÊS, CONSELHOS E REDES TEMÁT
2020-30102010101;COMPETITIVIDADE INDUSTRIAL
2020-30102010102;COMPETITIVIDADE INDUSTRIAL
2020-30102010301;MEIO AMBIENTE E SUSTENTABILIDADE
2020-30102010401;INFRA ESTRUTURA
2020-30103010101;COMÉRCIO EXTERIOR
2020-30103010102;COMÉRCIO EXTERIOR
2020-30105020101;AÇÕES DE DESENVOLVIMENTO DOS SINDICATOS
2020-30105020102;AÇÕES DE DESENVOLVIMENTO DOS SINDICATOS
2020-30111010101;ETD DA DEFESA DE INTERESSES
2020-30111010102;ETD DA DEFESA DE INTERESSES
2021-30101010301;FÓRUNS, COMITÊS, CONSELHOS E REDES TEMÁT
2021-30101010302;FÓRUNS, COMITÊS, CONSELHOS E REDES TEMÁT
2021-30101010303;FÓRUNS, COMITÊS, CONSELHOS E REDES TEMÁT
2021-30101010304;FÓRUNS, COMITÊS, CONSELHOS E REDES TEMÁT
2021-30101010305;FÓRUNS, COMITÊS, CONSELHOS E REDES TEMÁT
2021-30101010306;FÓRUNS, COMITÊS, CONSELHOS E REDES TEMÁT
2021-30101010307;FÓRUNS, COMITÊS, CONSELHOS E REDES TEMÁT
2021-30101010401;DISSEMINAÇÃO DE INFORMAÇÕES
2021-30102010102;COMPETITIVIDADE INDUSTRIAL
2021-30102010301;MEIO AMBIENTE E SUSTENTABILIDADE
2021-30103010101;COMÉRCIO EXTERIOR
2021-30103010103;COMÉRCIO EXTERIOR
2021-30107010101;AÇÕES DE ASSOCIATIVISMO
2021-30107010102;AÇÕES DE ASSOCIATIVISMO
2021-30111010101;ETD DA DEFESA DE INTERESSES
2021-30111010102;ETD DA DEFESA DE INTERESSES
2017-20101010101;TRANSFERENCIAS REGIMENTAIS E REGULAMENTA
2017-20101010301;ADMINISTRACAO CORPORATIVA
2017-30703010102;ATENDIMENTO DE CLIENTES
2017-30703010103;ATENDIMENTO DE CLIENTES
2017-30703010201;MARKETING
2017-30703010202;MARKETING
2017-30703010203;MARKETING
2017-30710010101;GESTAO DAS UNIDADES OPERACIONAIS
2017-30710010102;GESTAO DAS UNIDADES OPERACIONAIS
2017-30710010103;GESTAO DAS UNIDADES OPERACIONAIS
2017-30710010104;GESTAO DAS UNIDADES OPERACIONAIS
2017-30710010105;GESTAO DAS UNIDADES OPERACIONAIS
2017-30710010106;GESTAO DAS UNIDADES OPERACIONAIS
2017-30710010107;GESTAO DAS UNIDADES OPERACIONAIS
2017-30710010108;GESTAO DAS UNIDADES OPERACIONAIS
2017-30710010109;GESTAO DAS UNIDADES OPERACIONAIS
2017-30710010110;GESTAO DAS UNIDADES OPERACIONAIS
2017-30710010111;GESTAO DAS UNIDADES OPERACIONAIS
2017-30710010112;GESTAO DAS UNIDADES OPERACIONAIS
2017-30710010113;GESTAO DAS UNIDADES OPERACIONAIS
2017-30710010114;GESTAO DAS UNIDADES OPERACIONAIS
2017-30710010115;GESTAO DAS UNIDADES OPERACIONAIS
2017-30710010116;GESTAO DAS UNIDADES OPERACIONAIS
2017-30710010117;GESTAO DAS UNIDADES OPERACIONAIS
2017-30710010120;GESTAO DAS UNIDADES OPERACIONAIS
2017-30710010121;GESTAO DAS UNIDADES OPERACIONAIS
2017-30710010122;GESTAO DAS UNIDADES OPERACIONAIS
2017-30710010123;GESTAO DAS UNIDADES OPERACIONAIS
2017-30710010124;GESTAO DAS UNIDADES OPERACIONAIS
2017-30710010125;GESTAO DAS UNIDADES OPERACIONAIS
2017-30710010126;GESTAO DAS UNIDADES OPERACIONAIS
2017-30710010127;GESTAO DAS UNIDADES OPERACIONAIS
2017-30710010128;GESTAO DAS UNIDADES OPERACIONAIS
2017-30710010129;GESTAO DAS UNIDADES OPERACIONAIS
2017-30710010130;GESTAO DAS UNIDADES OPERACIONAIS
2017-30710010131;GESTAO DAS UNIDADES OPERACIONAIS
2017-30710010190;GESTAO DAS UNIDADES OPERACIONAIS
2017-30711010101;T&D
2017-30711010102;T&D
2018-20101010101;TRANSFERÊNCIAS REGIMENTAIS E REGULAMENTA
2018-20101010301;ADMINISTRAÇÃO CORPORATIVA
2018-30601030201;EVENTOS
2018-30601030301;EVENTOS
2018-30601030501;EVENTOS
2018-30703010101;ATENDIMENTO DE CLIENTES
2018-30703010102;ATENDIMENTO DE CLIENTES
2018-30703010103;ATENDIMENTO DE CLIENTES
2018-30703010201;MARKETING
2018-30703010202;MARKETING
2018-30703010203;MARKETING
2018-30711010101;T&D
2018-30711010102;T&D
2019-20101010101;TRANSFERÊNCIAS REGIMENTAIS E REGULAMENTA
2019-20101010301;ADMINISTRAÇÃO CORPORATIVA
2019-30601030301;EVENTOS
2019-30601030501;EVENTOS
2019-30703010102;ATENDIMENTO DE CLIENTES
2019-30703010103;ATENDIMENTO DE CLIENTES
2019-30703010201;MARKETING
2019-30703010202;MARKETING
2019-30711010101;T&D
2020-20101010101;TRANSFERÊNCIAS REGIMENTAIS E REGULAMENTA
2020-20101010301;ADMINISTRAÇÃO CORPORATIVA
2020-30601030501;EVENTOS
2020-30703010102;ATENDIMENTO DE CLIENTES
2020-30703010103;ATENDIMENTO DE CLIENTES
2020-30703010201;MARKETING
2020-30703010202;MARKETING
2020-30711010101;T&D
2021-20101010101;TRANSFERÊNCIAS REGIMENTAIS E REGULAMENTA
2021-20101010301;ADMINISTRAÇÃO CORPORATIVA
2021-30703010101;ATENDIMENTO DE CLIENTES
2021-30703010103;ATENDIMENTO DE CLIENTES
2021-30703010201;MARKETING
2021-30703020101;ATUAÇÃO COMERCIAL
2021-30711010101;T&D
2018-30710010101;GESTÃO DAS UNIDADES OPERACIONAIS
2018-30710010102;GESTÃO DAS UNIDADES OPERACIONAIS
2018-30710010103;GESTÃO DAS UNIDADES OPERACIONAIS
2018-30710010104;GESTÃO DAS UNIDADES OPERACIONAIS
2018-30710010105;GESTÃO DAS UNIDADES OPERACIONAIS
2018-30710010106;GESTÃO DAS UNIDADES OPERACIONAIS
2018-30710010107;GESTÃO DAS UNIDADES OPERACIONAIS
2018-30710010108;GESTÃO DAS UNIDADES OPERACIONAIS
2018-30710010109;GESTÃO DAS UNIDADES OPERACIONAIS
2018-30710010111;GESTÃO DAS UNIDADES OPERACIONAIS
2018-30710010112;GESTÃO DAS UNIDADES OPERACIONAIS
2018-30710010113;GESTÃO DAS UNIDADES OPERACIONAIS
2018-30710010117;GESTÃO DAS UNIDADES OPERACIONAIS
2018-30710010118;GESTÃO DAS UNIDADES OPERACIONAIS
2018-30710010119;GESTÃO DAS UNIDADES OPERACIONAIS
2018-30710010120;GESTÃO DAS UNIDADES OPERACIONAIS
2018-30710010121;GESTÃO DAS UNIDADES OPERACIONAIS
2018-30710010122;GESTÃO DAS UNIDADES OPERACIONAIS
2018-30710010123;GESTÃO DAS UNIDADES OPERACIONAIS
2018-30710010125;GESTÃO DAS UNIDADES OPERACIONAIS
2018-30710010126;GESTÃO DAS UNIDADES OPERACIONAIS
2018-30710010127;GESTÃO DAS UNIDADES OPERACIONAIS
2018-30710010128;GESTÃO DAS UNIDADES OPERACIONAIS
2018-30710010130;GESTÃO DAS UNIDADES OPERACIONAIS
2018-30710010131;GESTÃO DAS UNIDADES OPERACIONAIS
2018-30710010132;GESTÃO DAS UNIDADES OPERACIONAIS
2018-30710010190;GESTÃO DAS UNIDADES OPERACIONAIS
2019-30710010101;GESTÃO DAS UNIDADES OPERACIONAIS
2019-30710010104;GESTÃO DAS UNIDADES OPERACIONAIS
2019-30710010105;GESTÃO DAS UNIDADES OPERACIONAIS
2019-30710010107;GESTÃO DAS UNIDADES OPERACIONAIS
2019-30710010109;GESTÃO DAS UNIDADES OPERACIONAIS
2019-30710010112;GESTÃO DAS UNIDADES OPERACIONAIS
2019-30710010117;GESTÃO DAS UNIDADES OPERACIONAIS
2019-30710010118;GESTÃO DAS UNIDADES OPERACIONAIS
2019-30710010119;GESTÃO DAS UNIDADES OPERACIONAIS
2019-30710010120;GESTÃO DAS UNIDADES OPERACIONAIS
2019-30710010121;GESTÃO DAS UNIDADES OPERACIONAIS
2019-30710010122;GESTÃO DAS UNIDADES OPERACIONAIS
2019-30710010123;GESTÃO DAS UNIDADES OPERACIONAIS
2019-30710010124;GESTÃO DAS UNIDADES OPERACIONAIS
2019-30710010125;GESTÃO DAS UNIDADES OPERACIONAIS
2019-30710010126;GESTÃO DAS UNIDADES OPERACIONAIS
2019-30710010127;GESTÃO DAS UNIDADES OPERACIONAIS
2019-30710010130;GESTÃO DAS UNIDADES OPERACIONAIS
2019-30710010132;GESTÃO DAS UNIDADES OPERACIONAIS
2019-30710010133;GESTÃO DAS UNIDADES OPERACIONAIS
2019-30710010190;GESTÃO DAS UNIDADES OPERACIONAIS
2020-30710010101;GESTÃO DAS UNIDADES OPERACIONAIS
2020-30710010104;GESTÃO DAS UNIDADES OPERACIONAIS
2020-30710010105;GESTÃO DAS UNIDADES OPERACIONAIS
2020-30710010107;GESTÃO DAS UNIDADES OPERACIONAIS
2020-30710010109;GESTÃO DAS UNIDADES OPERACIONAIS
2020-30710010112;GESTÃO DAS UNIDADES OPERACIONAIS
2020-30710010117;GESTÃO DAS UNIDADES OPERACIONAIS
2020-30710010118;GESTÃO DAS UNIDADES OPERACIONAIS
2020-30710010119;GESTÃO DAS UNIDADES OPERACIONAIS
2020-30710010120;GESTÃO DAS UNIDADES OPERACIONAIS
2020-30710010121;GESTÃO DAS UNIDADES OPERACIONAIS
2020-30710010122;GESTÃO DAS UNIDADES OPERACIONAIS
2020-30710010123;GESTÃO DAS UNIDADES OPERACIONAIS
2020-30710010124;GESTÃO DAS UNIDADES OPERACIONAIS
2020-30710010125;GESTÃO DAS UNIDADES OPERACIONAIS
2020-30710010126;GESTÃO DAS UNIDADES OPERACIONAIS
2020-30710010127;GESTÃO DAS UNIDADES OPERACIONAIS
2020-30710010130;GESTÃO DAS UNIDADES OPERACIONAIS
2020-30710010133;GESTÃO DAS UNIDADES OPERACIONAIS
2020-30710010134;GESTÃO DAS UNIDADES OPERACIONAIS
2020-30710010190;GESTÃO DAS UNIDADES OPERACIONAIS
2021-30710010101;GESTÃO DAS UNIDADES OPERACIONAIS
2021-30710010104;GESTÃO DAS UNIDADES OPERACIONAIS
2021-30710010105;GESTÃO DAS UNIDADES OPERACIONAIS
2021-30710010107;GESTÃO DAS UNIDADES OPERACIONAIS
2021-30710010109;GESTÃO DAS UNIDADES OPERACIONAIS
2021-30710010112;GESTÃO DAS UNIDADES OPERACIONAIS
2021-30710010117;GESTÃO DAS UNIDADES OPERACIONAIS
2021-30710010118;GESTÃO DAS UNIDADES OPERACIONAIS
2021-30710010127;GESTÃO DAS UNIDADES OPERACIONAIS
2021-30710010130;GESTÃO DAS UNIDADES OPERACIONAIS
2021-30710010134;GESTÃO DAS UNIDADES OPERACIONAIS
2021-30710010190;GESTÃO DAS UNIDADES OPERACIONAIS
